invoice_id,filial,linha_produto,valor_total
860-79-0874,Giza,Fashion accessories,1042.65
687-47-8271,Alex,Fashion accessories,1039.29
283-26-5248,Giza,Food and beverages,1034.46
751-41-9720,Giza,Home and lifestyle,1023.75
303-96-2227,Cairo,Home and lifestyle,1022.49
744-16-7898,Cairo,Home and lifestyle,1022.385
271-88-8734,Giza,Fashion accessories,1020.705
234-65-2137,Giza,Home and lifestyle,1003.59
554-42-2417,Giza,Sports and travel,1002.12
325-77-6186,Alex,Home and lifestyle,951.825
280-17-4359,Giza,Health and beauty,950.25
219-22-9386,Cairo,Sports and travel,944.622
702-83-5291,Giza,Fashion accessories,943.299
731-81-9469,Giza,Sports and travel,942.9
817-69-8206,Cairo,Electronic accessories,942.4485
393-65-2792,Giza,Food and beverages,939.54
751-69-0068,Giza,Sports and travel,937.818
866-99-7614,Giza,Food and beverages,936.6
277-35-5865,Giza,Food and beverages,935.2665
384-59-6655,Alex,Food and beverages,932.337
704-48-3927,Alex,Electronic accessories,931.035
827-77-7633,Alex,Sports and travel,926.9505
766-85-7061,Cairo,Health and beauty,922.635
139-32-4183,Alex,Sports and travel,921.186
743-04-1105,Cairo,Health and beauty,918.729
641-51-2661,Giza,Food and beverages,914.55
746-04-1077,Cairo,Food and beverages,888.615
450-42-3339,Giza,Health and beauty,888.405
805-86-0265,Alex,Home and lifestyle,887.922
677-11-0152,Giza,Food and beverages,881.307
852-62-7105,Cairo,Fashion accessories,874.125
574-22-5561,Giza,Fashion accessories,867.615
628-90-8624,Cairo,Health and beauty,867.09
267-62-7380,Giza,Electronic accessories,864.57
861-77-0145,Giza,Electronic accessories,860.685
607-65-2441,Giza,Health and beauty,860.475
678-79-0726,Giza,Sports and travel,856.4535
549-84-7482,Cairo,Sports and travel,853.146
698-98-5964,Alex,Food and beverages,852.705
138-17-5109,Alex,Home and lifestyle,843.0345
638-60-7125,Alex,Electronic accessories,836.304
640-48-5028,Cairo,Home and lifestyle,835.2855
431-66-2305,Cairo,Electronic accessories,833.9625
533-33-5337,Cairo,Electronic accessories,833.595
699-88-1972,Cairo,Health and beauty,832.944
457-94-0464,Cairo,Electronic accessories,830.3715
286-43-6208,Giza,Food and beverages,829.71
228-96-1411,Giza,Food and beverages,829.08
735-32-9839,Giza,Fashion accessories,829.08
232-11-3025,Alex,Sports and travel,827.085
829-49-1914,Giza,Food and beverages,822.255
227-07-4446,Giza,Electronic accessories,820.365
652-43-6591,Alex,Fashion accessories,817.236
373-09-4567,Giza,Food and beverages,814.38
842-40-8179,Cairo,Food and beverages,810.6
880-46-5796,Alex,Sports and travel,807.66
602-16-6955,Cairo,Sports and travel,804.3
593-14-4239,Cairo,Home and lifestyle,801.864
549-03-9315,Cairo,Fashion accessories,796.908
418-02-5978,Cairo,Health and beauty,794.6505
305-14-0245,Cairo,Home and lifestyle,793.716
605-72-4132,Giza,Food and beverages,793.548
376-02-8238,Cairo,Home and lifestyle,788.508
746-94-0204,Alex,Fashion accessories,786.618
571-94-0759,Cairo,Food and beverages,783.3
453-33-6436,Alex,Home and lifestyle,782.208
243-55-8457,Alex,Food and beverages,781.62
416-17-9926,Alex,Electronic accessories,779.31
315-22-5665,Giza,Home and lifestyle,772.38
884-80-6021,Alex,Electronic accessories,771.435
197-77-7132,Cairo,Electronic accessories,769.104
234-03-4040,Cairo,Food and beverages,767.025
742-04-5161,Alex,Home and lifestyle,764.19
237-01-6122,Giza,Home and lifestyle,763.4655
361-59-0574,Cairo,Sports and travel,760.452
729-06-2010,Cairo,Health and beauty,760.4415
817-48-8732,Alex,Home and lifestyle,759.675
525-09-8450,Cairo,Electronic accessories,757.365
448-61-3783,Alex,Electronic accessories,756.168
635-40-6220,Alex,Health and beauty,752.64
725-96-3778,Giza,Home and lifestyle,749.7
829-34-3910,Alex,Health and beauty,749.49
803-17-8013,Alex,Home and lifestyle,745.836
537-72-0426,Giza,Fashion accessories,745.395
155-45-3814,Giza,Electronic accessories,743.82
394-30-3170,Cairo,Sports and travel,742.812
189-98-2939,Giza,Fashion accessories,742.2975
149-71-6266,Cairo,Sports and travel,737.7615
135-84-8019,Alex,Fashion accessories,736.4385
148-41-7930,Giza,Health and beauty,734.706
627-95-3243,Cairo,Home and lifestyle,734.076
183-21-3799,Giza,Electronic accessories,733.6035
174-64-0215,Cairo,Sports and travel,732.27
189-52-0236,Alex,Electronic accessories,731.6925
710-46-4433,Cairo,Food and beverages,731.43
435-13-4908,Alex,Fashion accessories,728.112
253-12-6086,Alex,Sports and travel,723.24
399-46-5918,Giza,Electronic accessories,722.232
898-04-2717,Alex,Fashion accessories,721.98
338-65-2210,Giza,Health and beauty,720.3
587-03-7455,Giza,Fashion accessories,718.7565
831-81-6575,Cairo,Electronic accessories,714.3255
850-41-9669,Alex,Electronic accessories,709.317
189-40-5216,Giza,Electronic accessories,708.3195
443-59-0061,Alex,Food and beverages,708.225
287-21-9091,Alex,Home and lifestyle,705.6315
640-49-2076,Cairo,Sports and travel,703.752
616-87-0016,Cairo,Fashion accessories,702.219
743-88-1662,Giza,Sports and travel,701.8515
188-55-0967,Cairo,Health and beauty,697.935
430-60-3493,Alex,Home and lifestyle,697.368
670-79-6321,Cairo,Home and lifestyle,695.2365
489-82-1237,Alex,Electronic accessories,690.018
845-94-6841,Giza,Food and beverages,688.716
668-90-8900,Alex,Home and lifestyle,688.6215
457-13-1708,Cairo,Fashion accessories,684.915
538-22-0304,Giza,Electronic accessories,681.975
222-42-0244,Cairo,Health and beauty,681.4395
263-12-5321,Alex,Electronic accessories,680.61
400-89-4171,Giza,Sports and travel,680.148
612-36-5536,Alex,Food and beverages,680.064
149-61-1929,Alex,Sports and travel,673.995
326-78-5178,Giza,Food and beverages,671.79
648-83-1321,Alex,Home and lifestyle,667.38
347-72-6115,Cairo,Sports and travel,666.939
394-55-6384,Giza,Sports and travel,663.2955
868-06-0466,Alex,Electronic accessories,657.531
836-82-5858,Cairo,Health and beauty,655.5465
189-55-2313,Giza,Fashion accessories,652.89
796-12-2025,Giza,Fashion accessories,652.26
849-09-3807,Alex,Fashion accessories,649.299
452-04-8808,Cairo,Electronic accessories,640.038
632-32-4574,Cairo,Sports and travel,637.728
373-73-7910,Alex,Sports and travel,634.3785
305-18-3552,Cairo,Home and lifestyle,633.99
430-53-4718,Cairo,Health and beauty,633.108
759-98-4285,Giza,Health and beauty,631.1445
672-51-8681,Giza,Electronic accessories,629.8425
641-62-7288,Cairo,Home and lifestyle,629.496
725-54-0677,Giza,Health and beauty,629.16
667-92-0055,Alex,Health and beauty,628.929
477-24-6490,Cairo,Health and beauty,628.173
699-14-3026,Giza,Electronic accessories,627.6165
379-17-6588,Giza,Fashion accessories,625.905
870-72-4431,Giza,Health and beauty,624.897
125-45-2293,Alex,Fashion accessories,624.33
651-88-7328,Alex,Fashion accessories,621.243
828-46-6863,Alex,Food and beverages,620.739
648-94-3045,Giza,Health and beauty,618.975
137-63-5492,Giza,Electronic accessories,616.98
109-28-2512,Cairo,Fashion accessories,614.943
887-42-0517,Giza,Sports and travel,611.079
730-50-9884,Giza,Sports and travel,610.491
731-59-7531,Cairo,Health and beauty,609.588
131-15-8856,Giza,Food and beverages,609.168
575-30-8091,Alex,Sports and travel,609.0
152-08-9985,Cairo,Health and beauty,608.202
406-46-7107,Alex,Home and lifestyle,608.076
886-77-9084,Giza,Electronic accessories,603.876
262-47-2794,Cairo,Home and lifestyle,603.624
339-96-8318,Cairo,Fashion accessories,597.6285
314-23-4520,Giza,Health and beauty,597.0405
386-27-7606,Giza,Home and lifestyle,596.82
299-46-1805,Cairo,Sports and travel,590.436
588-47-8641,Alex,Fashion accessories,588.42
423-57-2993,Cairo,Sports and travel,588.357
136-08-6195,Alex,Home and lifestyle,587.664
241-11-2261,Cairo,Fashion accessories,586.971
660-29-7083,Giza,Electronic accessories,586.635
802-70-5316,Alex,Sports and travel,580.419
433-08-7822,Giza,Health and beauty,579.8415
541-48-8554,Alex,Sports and travel,575.9775
663-86-9076,Giza,Food and beverages,575.736
272-65-1806,Alex,Electronic accessories,575.316
878-30-2331,Giza,Sports and travel,572.775
466-61-5506,Cairo,Electronic accessories,571.41
827-44-5872,Cairo,Food and beverages,570.78
862-59-8517,Giza,Food and beverages,568.512
873-95-4984,Cairo,Health and beauty,565.215
166-19-2553,Alex,Sports and travel,561.078
438-23-1242,Cairo,Electronic accessories,557.718
866-70-2814,Cairo,Electronic accessories,554.295
541-08-3113,Giza,Food and beverages,554.148
358-88-9262,Giza,Food and beverages,551.124
590-83-4591,Cairo,Electronic accessories,550.935
210-57-1719,Cairo,Health and beauty,550.368
750-67-8428,Alex,Health and beauty,548.9715
645-44-1170,Alex,Home and lifestyle,548.7615
308-47-4913,Alex,Sports and travel,548.73
154-87-7367,Giza,Home and lifestyle,548.184
404-91-5964,Alex,Electronic accessories,548.163
157-13-5295,Alex,Health and beauty,545.37
241-72-9525,Cairo,Sports and travel,545.055
408-26-9866,Giza,Sports and travel,543.753
196-01-2849,Giza,Fashion accessories,539.343
785-13-7708,Cairo,Food and beverages,536.991
336-78-2147,Giza,Home and lifestyle,536.844
410-67-1709,Alex,Fashion accessories,536.592
370-41-7321,Cairo,Health and beauty,535.7205
227-78-1148,Cairo,Fashion accessories,535.374
721-86-6247,Alex,Home and lifestyle,532.728
411-77-0180,Alex,Electronic accessories,530.67
862-17-9201,Cairo,Food and beverages,529.515
767-05-1286,Giza,Home and lifestyle,527.751
186-79-9562,Cairo,Health and beauty,527.5095
857-16-3520,Alex,Fashion accessories,525.231
451-28-5717,Giza,Home and lifestyle,523.971
815-11-1168,Alex,Food and beverages,523.845
868-52-7573,Cairo,Food and beverages,523.3725
733-01-9107,Cairo,Home and lifestyle,521.01
552-44-5977,Cairo,Health and beauty,520.8
347-34-2234,Cairo,Sports and travel,520.4115
718-57-9773,Giza,Sports and travel,517.965
534-01-4457,Alex,Food and beverages,514.773
624-01-8356,Cairo,Home and lifestyle,514.605
582-52-8065,Cairo,Fashion accessories,513.2295
483-71-1164,Giza,Health and beauty,512.19
105-31-1824,Alex,Sports and travel,510.972
394-41-0748,Giza,Fashion accessories,510.9615
689-05-1884,Alex,Health and beauty,510.615
416-13-5917,Giza,Food and beverages,509.4075
786-94-2700,Alex,Food and beverages,507.906
667-23-5919,Alex,Fashion accessories,507.675
626-43-7888,Giza,Fashion accessories,507.444
656-95-9349,Alex,Health and beauty,506.6355
160-22-2687,Alex,Health and beauty,503.7375
532-59-7201,Cairo,Sports and travel,503.559
201-63-8275,Giza,Sports and travel,499.7265
372-62-5264,Giza,Food and beverages,497.07
474-33-8305,Giza,Fashion accessories,495.3165
704-11-6354,Alex,Home and lifestyle,494.76
871-79-8483,Cairo,Fashion accessories,494.1825
744-02-5987,Alex,Home and lifestyle,493.794
239-10-7476,Alex,Home and lifestyle,491.085
123-19-1176,Alex,Health and beauty,489.048
325-90-8763,Giza,Electronic accessories,488.985
114-35-5271,Cairo,Electronic accessories,486.444
607-76-6216,Giza,Fashion accessories,485.5725
318-68-5053,Cairo,Health and beauty,485.037
122-61-9553,Giza,Electronic accessories,484.974
142-63-6033,Cairo,Home and lifestyle,484.89
782-95-9291,Alex,Food and beverages,484.5225
